gfx,cu_num,token,model_dim,inter_dim,expert,topk,act_type,dtype,q_dtype_a,q_dtype_w,q_type,use_g1u1,doweight_stage1,block_m,ksplit,us1,kernelName1,err1,us2,kernelName2,err2,us,run_1stage,xbf16,flat,tflops,bw,nt
gfx950,128,8,2560,768,512,10,ActivationType.Silu,torch.bfloat16,torch.float4_e2m1fn_x2,torch.float4_e2m1fn_x2,QuantType.per_1x32,1,0,32,0,50.8969,flydsl_moe1_afp4_wfp4_bf16_t32x128x256_w4_fp4,0.9%,30.557,flydsl_moe2_layout_afp4_wfp4_bf16_t32x128x256_reduce_nt_sbm32,1.1%,81.4539,0,0,0,11.59,37075.7,0
gfx950,128,16,2560,768,512,10,ActivationType.Silu,torch.bfloat16,torch.float4_e2m1fn_x2,torch.float4_e2m1fn_x2,QuantType.per_1x32,1,0,32,0,98.6031,flydsl_moe1_afp4_wfp4_bf16_t32x128x256_w2_fp4,0.9%,54.4136,flydsl_moe2_layout_afp4_wfp4_bf16_t32x128x256_reduce_persist_nt_sbm32,1.1%,153.0167,0,0,0,12.33,19736.55,0
gfx950,128,32,2560,768,512,10,ActivationType.Silu,torch.bfloat16,torch.float4_e2m1fn_x2,torch.float4_e2m1fn_x2,QuantType.per_1x32,1,0,32,0,192.4045,flydsl_moe1_afp4_wfp4_bf16_t32x64x256_w3_fp4,0.9%,102.4683,flydsl_moe2_layout_afp4_wfp4_bf16_t32x256x256_atomic_nt_sbm32,1.1%,294.8728,0,0,0,12.8,10242.19,0
gfx950,128,64,2560,768,512,10,ActivationType.Silu,torch.bfloat16,torch.float4_e2m1fn_x2,torch.float4_e2m1fn_x2,QuantType.per_1x32,1,0,32,0,304.3078,flydsl_moe1_afp4_wfp4_bf16_t32x64x256_w3_fp4,0.9%,159.8937,flydsl_moe2_layout_afp4_wfp4_bf16_t32x128x128_atomic_nt_sbm32,1.1%,464.2015,0,0,0,16.26,6506.64,0
gfx950,128,128,2560,768,512,10,ActivationType.Silu,torch.bfloat16,torch.float4_e2m1fn_x2,torch.float4_e2m1fn_x2,QuantType.per_1x32,1,0,32,0,307.1369,flydsl_moe1_afp4_wfp4_bf16_t32x64x256_w4_fp4,0.9%,166.2333,flydsl_moe2_layout_afp4_wfp4_bf16_t32x256x256_atomic_nt_sbm32,1.1%,473.3702,0,0,0,31.9,6381.65,0
gfx950,128,256,2560,768,512,10,ActivationType.Silu,torch.bfloat16,torch.float4_e2m1fn_x2,torch.float4_e2m1fn_x2,QuantType.per_1x32,1,0,32,0,305.0742,flydsl_moe1_afp4_wfp4_bf16_t32x128x256_w3_fp4,0.9%,174.0066,flydsl_moe2_layout_afp4_wfp4_bf16_t32x256x256_atomic_nt_sbm32,1.1%,479.0808,0,0,0,63.04,6307.63,0
gfx950,128,8,2560,768,513,11,ActivationType.Silu,torch.bfloat16,torch.float4_e2m1fn_x2,torch.float4_e2m1fn_x2,QuantType.per_1x32,1,0,32,0,57.3973,flydsl_moe1_afp4_wfp4_bf16_t32x64x256_w3_kw2_fp4,0.9%,33.5462,flydsl_moe2_layout_afp4_wfp4_bf16_t32x128x256_reduce_nt_sbm32,1.1%,90.9435,0,0,0,11.41,33271.85,0
gfx950,128,16,2560,768,513,11,ActivationType.Silu,torch.bfloat16,torch.float4_e2m1fn_x2,torch.float4_e2m1fn_x2,QuantType.per_1x32,1,0,32,0,109.4989,flydsl_moe1_afp4_wfp4_bf16_t32x64x256_w4_fp4,0.9%,58.8838,flydsl_moe2_layout_afp4_wfp4_bf16_t32x128x256_reduce_nt_sbm32,1.1%,168.3827,0,0,0,12.33,17970.49,0
gfx950,128,32,2560,768,513,11,ActivationType.Silu,torch.bfloat16,torch.float4_e2m1fn_x2,torch.float4_e2m1fn_x2,QuantType.per_1x32,1,0,32,0,208.5419,flydsl_moe1_afp4_wfp4_bf16_t32x128x256_w4_fp4,0.9%,112.6856,flydsl_moe2_layout_afp4_wfp4_bf16_t32x256x128_atomic_nt_sbm32,1.1%,321.2275,0,0,0,12.93,9420.25,0
gfx950,128,64,2560,768,513,11,ActivationType.Silu,torch.bfloat16,torch.float4_e2m1fn_x2,torch.float4_e2m1fn_x2,QuantType.per_1x32,1,0,32,0,305.8233,flydsl_moe1_afp4_wfp4_bf16_t32x64x256_w4_fp4,0.9%,159.7247,flydsl_moe2_layout_afp4_wfp4_bf16_t32x128x256_reduce_nt_sbm32,1.1%,465.548,0,0,0,17.84,6500.49,0
gfx950,128,128,2560,768,513,11,ActivationType.Silu,torch.bfloat16,torch.float4_e2m1fn_x2,torch.float4_e2m1fn_x2,QuantType.per_1x32,1,0,32,0,304.7127,flydsl_moe1_afp4_wfp4_bf16_t32x128x256_w2_fp4,0.9%,163.8506,flydsl_moe2_layout_afp4_wfp4_bf16_t32x128x128_atomic_nt_sbm32,1.1%,468.5633,0,0,0,35.45,6459.7,0
gfx950,128,256,2560,768,513,11,ActivationType.Silu,torch.bfloat16,torch.float4_e2m1fn_x2,torch.float4_e2m1fn_x2,QuantType.per_1x32,1,0,32,0,307.5334,flydsl_moe1_afp4_wfp4_bf16_t32x128x256_w3_fp4,0.9%,174.0868,flydsl_moe2_layout_afp4_wfp4_bf16_t32x256x256_atomic_nt_sbm32,1.1%,481.6202,0,0,0,68.97,6286.62,0
